Order,WDJ_name,SpType_Vincent,notes_simbad,notes_spectral_type,class_SDSS-V,PEWDD_source,DESI_class,SpType_lbor,DZ_flag,needs_fit,dec_flag,mass_flag,PDA,PDB,PDC,PDO,PDQ,PDZ,Teff_Vincent,logg_Vinvent,M_Vincent,e_Teff_Vincent,e_logg_Vincent,e_M_Vincent,designation,ra,ra_error,dec,dec_error,parallax,parallax_error,parallax_over_error,Pwd,pmra,pmra_error,pmdec,pmdec_error,ruwe,phot_g_mean_mag,phot_g_mean_mag_error,phot_bp_mean_mag,phot_bp_mean_mag_error,phot_rp_mean_mag,phot_rp_mean_mag_error,absG,bp_rp,l,b,meanAV,minAV,maxAV,teff_H,eteff_H,logg_H,elogg_H,mass_H,emass_H,chisq_H,teff_He,eteff_He,logg_He,elogg_He,mass_He,emass_He,chisq_He,teff_mixed,eteff_mixed,logg_mixed,elogg_mixed,mass_mixed,emass_mixed,chisq_mixed,SDSS12,umag_sdss,e_umag_sdss,gmag_sdss,e_gmag_sdss,rmag_sdss,e_rmag_sdss,imag_sdss,e_imag_sdss,zmag_sdss,e_zmag_sdss,SDSS_spec,SDSS WD type,order_archive,sample,spec,source_spec,notes_032025,SNR,SpType_lbor,DZ_flag,LDT_observed,obs_date,obs_date_2,obs_date_3,LDT_spec_notes,LDT_class,DZ_confirmed,SDSS_V,SDSS_V_spec,SDSS_V_class,SDSS_V_P_class,spec_published,spec_published_class,old_SDSS_spec,notes_on_spec,var_index,Ca/He,He/H,Teff,Teff_low,Teff_up,M,M_low,M_up,logg,logg_low,logg_up,R,R_low,R_up,Mg,Mg_low,Mg_up,Mbol,Mbol_low,Mbol_up,logL,logL_low,logL_up,D,D_low,D_up,Age,Age_low,Age_up
4,WDJ002617.27+001543.38,DZ,,LDT,,,DZ:,DZ,1,1,north,very_massive,0.1,0,0.01,0,0.01,0.93,6885,8.375,0.817,335,0.093,0.084,Gaia EDR3 2543806226300972928,6.571682873,0.36818075,0.2619748,0.23960003,7.271765626,0.42361218,17.166092,0.999493,-57.93879834,0.5514137,-16.46213255,0.35452363,0.997779,19.69018,0.004391,19.887865,0.040841,19.56195,0.048861,13.99837919,0.32591438,109.46365,-61.95030211,0.02,0.02,0.02,8477.897,847.5488,8.749427,0.2423141,1.070328,0.1339114,8.317705,8215.615,758.4926,8.679914,0.2405619,1.016493,0.142912,8.644561,7900.629,705.0966,8.574889,0.2485547,0.9504691,0.1561656,8.743109,J002617.26+001543.3,20.862,0.07,19.847,0.015,19.664,0.016,19.701,0.021,19.826,0.086,,,94,TRUE,TRUE,LDT,magnetic? Triple structure,17,DZ,1,TRUE,9/4/24,11/2/24,,both obs ok with telluric mask,DZ,TRUE,,,,,,,,,-0.013432107,-8.79,3,6733,6646,6820,0.801,0.742,0.856,8.352,8.287,8.412,0.00989,0.0093,0.01053,14.155,14.025,14.278,14.105,13.957,14.25,-3.742,-3.8,-3.683,137.52,129.95,146.02,3.50E+09,3.18E+09,3.80E+09
7,WDJ003908.19+562002.49,DZ,,LDT,,,,DZ,1,1,north,massive,0.02,0,0.13,0,0,0.99,7084,8.266,0.744,178,0.043,0.04,Gaia EDR3 418730453483772416,9.784594749,0.113913886,56.33399679,0.16040434,9.13694753,0.19705613,46.367233,0.995195,59.84608643,0.17513241,-6.442600348,0.26211843,1.0090368,18.936136,0.003325,19.09549,0.020813,18.68406,0.021773,13.7401419,0.41143036,121.2169054,-6.496790813,0.05,0.050000001,0.050000001,7855.693,352.8969,8.448082,0.1190433,0.882171,0.07800067,1.470419,7694.352,333.2272,8.389573,0.1227387,0.8278249,0.08195887,1.557335,7391.928,326.6955,8.265717,0.123684,0.7444934,0.08200131,1.656395,,,,,,,,,,,,,,10,TRUE,TRUE,LDT,magnetic? Triple structure,21.4,DZ,1,TRUE,9/4/24,11/2/24,,9/4/24 better than 11/2/24 -- mag?,DZ,TRUE,,,,,,,,,-0.010514056,-8.98,3,7030,6852,7207,0.752,0.715,0.791,8.278,8.237,8.32,0.01043,0.01,0.01084,13.877,13.83,13.924,13.802,13.666,13.947,-3.621,-3.679,-3.566,109.45,107.14,111.86,2.78E+09,2.46E+09,3.09E+09
30,WDJ035053.31+660433.38,DZ:,,LDT,,,,DZ,1,1,north,massive,0.6,0,0.01,0,0,0.64,6104,8.354,0.802,144,0.047,0.043,Gaia EDR3 490062094962403200,57.72398722,0.12515803,66.07562155,0.16705786,9.94775709,0.2471772,40.24545,0.999999,170.9981423,0.1300112,-71.71956194,0.22149469,1.0230185,19.384682,0.003413,19.545425,0.036164,19.03874,0.02663,14.37330756,0.50668526,139.7812347,9.264736691,0.03,0.029999999,0.029999999,7071.842,367.0859,8.612636,0.1312552,0.987212,0.08138122,0.3286602,6937.853,375.9248,8.553447,0.1455485,0.9358648,0.09383614,0.3397024,6746.413,302.5769,8.444898,0.1496821,0.8638696,0.09941184,0.3116424,,,,,,,,,,,,,,14,TRUE,TRUE,LDT,,13.7,DZ,1,TRUE,9/9/23,10/12/23,11/2/24,keep 11/2/24,DZ,TRUE,,,,,,,,,-0.015792639,-9.41,2,6453,6314,6592,0.874,0.837,0.913,8.461,8.419,8.504,0.00911,0.00871,0.0095,14.579,14.524,14.632,14.467,14.338,14.606,-3.887,-3.942,-3.835,100.53,98.09,103.09,4.32E+09,4.08E+09,4.58E+09
31,WDJ035345.55+401426.17,DZ,,LDT,,,,DZ,1,1,north,massive,0.1,0,0.01,0,0,0.79,7961,8.07,0.619,270,0.059,0.052,Gaia EDR3 230023879846016512,58.44005856,0.17589943,40.24033701,0.11992519,7.064119104,0.21305652,33.15608,0.992958,45.82976933,0.23260915,-60.02905447,0.17242381,0.9698043,18.842268,0.003377,18.968863,0.026032,18.711504,0.021846,13.08755806,0.25735855,156.5981775,-10.42380501,0.10,0.090000004,0.109999999,9677.285,513.0656,8.45272,0.1419506,0.8880479,0.09198359,3.420673,9413.041,510.3146,8.370511,0.141388,0.8169591,0.09386176,4.743691,9013.354,503.9322,8.244098,0.162421,0.7323342,0.1063694,4.825739,,,,,,,,,,,,,,4,TRUE,TRUE,LDT,,26,DZ,1,TRUE,9/4/24,9/5/24,,both obs really good,DZ,TRUE,,,,,,,,,-0.012363441,-8.99,5,8176,7939,8412,0.658,0.615,0.703,8.132,8.083,8.182,0.01154,0.01101,0.01207,13.135,13.069,13.2,12.926,12.771,13.092,-3.27,-3.337,-3.208,141.56,137.42,145.96,1.32E+09,1.20E+09,1.46E+09
48,WDJ055742.01+175256.25,DZ,,LDT,,,,DZ,1,1,north,massive,0.01,0,0.01,0,0,0.97,9143,8.048,0.607,458,0.085,0.075,Gaia EDR3 3350410499060702976,89.42487359,0.21672647,17.88213854,0.19802733,5.769768694,0.24912943,23.159723,0.994339,-39.79105882,0.27260408,-35.26368536,0.22065192,0.97790706,18.902725,0.003799,18.907228,0.050865,18.809448,0.040317,12.70851723,0.09778023,190.9257016,-3.254551229,0.06,0.050000001,0.059999999,10645.54,1095.799,8.422352,0.239545,0.8698893,0.1532049,0.4328839,10509.86,1194.055,8.347874,0.2501957,0.8031621,0.1632373,0.1531292,10156.88,1344.605,8.262502,0.3239624,0.7461049,0.2079686,0.154963,,,,,,,,,,,,,,112,TRUE,TRUE,LDT,magnetic? Triple structure,19.8,DZ,1,TRUE,9/5/24,11/2/24,,"both ok, keep 9/5/24",DZ,TRUE,,,,,,,,,-0.01436009,-8.23,5,8597,8423,8772,0.615,0.568,0.662,8.061,8.006,8.115,0.01209,0.01151,0.01271,12.729,12.633,12.821,12.605,12.469,12.747,-3.142,-3.199,-3.087,173.32,166.14,181.14,1.06E+09,9.62E+08,1.16E+09
97,WDJ112144.68+390704.68,DZ,,SDSS,,,DZ,DZ,1,1,north,massive,0.01,0,0.01,0,0,0.99,10389,7.958,0.557,601,0.105,0.089,Gaia EDR3 764358149799939584,170.4357894,0.16090001,39.11802725,0.2352381,4.361792194,0.28439158,15.3372755,0.997293,-63.18412538,0.24216986,14.13997406,0.25832832,1.0485718,19.018482,0.003806,19.06116,0.038974,19.132793,0.052386,12.21680706,-0.07163429,174.541419,67.81587081,0.04,0.029999999,0.039999999,14202.21,2612.136,8.488579,0.2374531,0.9179278,0.1484539,4.167052,13395.75,2119.714,8.422075,0.3065747,0.8553795,0.1956667,6.568309,13289.89,2149.064,8.418646,0.3201375,0.8530246,0.2038377,6.556584,J112144.65+390704.7,19.068,0.025,18.921,0.009,19.089,0.013,19.291,0.018,19.595,0.08,1,DZ,26,TRUE,TRUE,SDSS,,8.4,DZ,1,,,,,,,,,,,,,,TRUE,,-0.011834617,-7.83,5,10604,10351,10857,0.658,0.591,0.723,8.125,8.047,8.198,0.01163,0.01084,0.0125,12.119,11.973,12.256,11.78,11.596,11.968,-2.812,-2.887,-2.738,229.26,215.23,245.25,6.73E+08,5.90E+08,7.61E+08
100,WDJ112807.93+530625.77,DZ,DESI EDR,LDT,,,ERR,DZ,1,1,north,massive,0.04,0,0.24,0,0,0.92,5919,8.386,0.823,93,0.031,0.028,Gaia EDR3 839623225415201920,172.0330747,0.102743514,53.10634441,0.13502803,13.23852866,0.18028323,73.43183,1,2.891031815,0.15271594,-182.6166645,0.17820853,1.0239586,18.937105,0.003236,19.191275,0.026101,18.549946,0.022474,14.54630378,0.6413288,148.019058,59.7746576,0.02,0.02,0.02,6503.633,230.2696,8.542772,0.09288504,0.9420235,0.05980288,1.117628,6354.99,234.5699,8.467609,0.1028919,0.8785134,0.0684642,1.09761,,,,,,,,J112807.92+530625.4,21.287,0.109,19.265,0.011,18.878,0.011,18.808,0.014,18.883,0.041,1,,29,TRUE,TRUE,LDT,bad fluxing,9.8,DZ,1,TRUE,5/9/24,,,,DC,,,,,,,,TRUE,MWDD says massive,-0.011159226,-10.62,6,5260,5206,5315,0.584,0.558,0.611,8.024,7.993,8.055,0.0123,0.01197,0.01263,14.874,14.844,14.904,14.701,14.629,14.777,-3.98,-4.011,-3.952,75.54,74.52,76.58,5.23E+09,4.92E+09,5.53E+09
103,WDJ115926.98+290105.85,DZ,"DESI EDR, SDSS",SDSS,,,DZ,DZ,1,1,north,massive,0.21,0,0.05,0,0,0.76,9024,8.205,0.706,520,0.094,0.087,Gaia EDR3 4008087291926448128,179.8622155,0.2329876,29.01821192,0.21772246,5.826871166,0.32035986,18.188519,0.992893,-43.1562156,0.26109618,-17.68978365,0.24988236,0.98249793,19.147886,0.003804,19.226063,0.032622,19.039204,0.03125,12.97506336,0.18685913,200.544552,78.3835598,0.03,0.029999999,0.029999999,9909.225,759.0142,8.46578,0.2141243,0.8969565,0.1370296,0.7393577,9642.258,738.3572,8.380383,0.2123524,0.8237978,0.1396949,1.321428,9237.341,748.7528,8.260083,0.2488434,0.7432047,0.1617434,1.34491,J115926.97+290105.7,19.381,0.025,19.151,0.01,19.168,0.013,19.376,0.018,19.432,0.057,2,DZ,130,TRUE,TRUE,SDSS,,15.6,DZ,1,,,,,,,,,,,,,,TRUE,,-0.011448574,-10.54,5,9106,8896,9317,0.733,0.672,0.793,8.245,8.177,8.311,0.01069,0.01002,0.0114,12.978,12.855,13.094,12.624,12.455,12.801,-3.15,-3.22,-3.082,171.62,162.67,181.6,1.19E+09,1.06E+09,1.32E+09
108,WDJ122254.10+233229.48,DZ,,SDSS,,,,DZ,1,1,north,massive,0,0,0.24,0,0.02,0.99,8696,8.326,0.786,440,0.075,0.068,Gaia EDR3 3954024030310454400,185.725056,0.23528892,23.54135325,0.16678275,7.038584245,0.24199444,29.085728,0.992691,-70.96501247,0.2681168,-37.87288208,0.20533098,1.0252562,19.000208,0.003891,19.092703,0.029591,18.902676,0.0337,13.23763447,0.19002724,240.4530567,82.62346619,0.03,0.029999999,0.029999999,9890.316,796.038,8.609563,0.1837988,0.9885577,0.1119822,2.160375,9545.653,739.2711,8.519081,0.1774076,0.9156046,0.1144844,3.078691,9148.511,738.1571,8.406511,0.2059546,0.8407293,0.1355484,3.12022,J122254.07+233229.3,19.254,0.027,19.011,0.01,19.094,0.012,19.132,0.016,19.254,0.056,1,DZ,129,TRUE,TRUE,SDSS,,10.8,DZ,1,,,,,,,,,,,,,,TRUE,,-0.009965468,-9.8,4,8535,8369,8700,0.749,0.708,0.79,8.271,8.226,8.315,0.01049,0.01004,0.01096,13.248,13.172,13.322,12.945,12.821,13.075,-3.278,-3.33,-3.229,142.07,137.35,147.13,1.45E+09,1.33E+09,1.62E+09
110,WDJ130413.85+045457.71,DZ,,LDT,,,DZ,DZ?,1,1,north,massive,0.02,0,0.02,0,0,0.98,6284,8.201,0.7,307,0.104,0.095,Gaia EDR3 3705025573363213952,196.0576602,0.39085367,4.916001574,0.24117249,7.971644506,0.4630761,17.214544,0.998165,-14.22414983,0.4717471,-6.672610946,0.49319232,1.0726898,19.48267,0.004677,19.709873,0.054456,19.271036,0.045914,13.99040945,0.43883705,311.3118796,67.57937012,0.02,0.02,0.02,7866.108,760.7329,8.609611,0.2546781,0.9862412,0.1546332,4.175725,7690.909,714.7366,8.550649,0.2620457,0.9346498,0.1658651,4.238054,7396.396,709.0969,8.440453,0.2643035,0.8616084,0.1725422,4.301167,J130413.85+045457.6,20.792,0.066,19.725,0.014,19.439,0.015,19.443,0.019,19.628,0.085,,,123,TRUE,TRUE,LDT,magnetic? DZH?,4.8,DZ?,1,TRUE,5/30/24,,,???,,,,,,,,,,,-0.010479557,-9.3,1.5,6187,6108,6266,0.629,0.567,0.689,8.092,8.02,8.159,0.01181,0.0111,0.01259,14.233,14.103,14.355,14.085,13.937,14.232,-3.734,-3.793,-3.675,125.44,118.56,133.18,2.76E+09,2.30E+09,3.32E+09
127,WDJ143641.81+295138.70,DZ,,SDSS,,,DZ,DZ,1,1,north,massive,0.01,0,0,0,0,1,8352,8.211,0.71,228,0.043,0.039,Gaia EDR3 1284273836585626752,219.1742425,0.08476041,29.86065728,0.11060805,7.964426085,0.17338331,45.935368,0.992787,4.265883271,0.15342055,-21.25411535,0.15181799,1.0083477,18.6465,0.003235,18.760347,0.026874,18.551603,0.026796,13.15227206,0.20874405,45.91687683,66.76286575,0.04,0.039999999,0.039999999,9892.485,642.452,8.558692,0.1437948,0.9567744,0.09021509,5.350247,9558.079,607.2413,8.466909,0.139793,0.8812996,0.091808,7.018334,9160.457,608.4246,8.351291,0.1642517,0.803829,0.1088874,7.091517,J143641.80+295138.6,19.343,0.026,18.666,0.008,18.654,0.009,18.848,0.013,19.03,0.046,1,DZ,52,TRUE,TRUE,SDSS,,12.3,DZ,1,,,,,,,,,,,,,,TRUE,,-0.006851532,-8.72,5,7763,7677,7849,0.658,0.632,0.684,8.133,8.104,8.162,0.01153,0.01122,0.01184,13.172,13.124,13.219,13.153,13.078,13.23,-3.361,-3.392,-3.331,125.56,122.88,128.35,1.51E+09,1.44E+09,1.57E+09
135,WDJ152224.25+103951.36,DZ,,LDT,,,DZ,DZ,1,1,north,massive,0.05,0,0.04,0,0,0.88,8445,8.312,0.777,543,0.098,0.089,Gaia EDR3 1168821233018714880,230.600859,0.23769183,10.66427157,0.21765707,6.8561783,0.30631232,22.382967,0.992835,-42.23896721,0.28765815,1.106911996,0.2594201,1.0640457,19.096596,0.004108,19.307693,0.048993,19.064444,0.051182,13.27700628,0.2432499,15.43196312,50.89690153,0.04,0.039999999,0.039999999,9923.829,1166.108,8.632604,0.2607402,1.002743,0.1542504,12.92689,9432.128,1046.975,8.516909,0.253772,0.9140933,0.1617648,14.31376,9049.272,1034.993,8.404466,0.2909714,0.8392607,0.1887994,14.38435,J152224.24+103951.3,19.619,0.036,19.157,0.011,19.165,0.013,19.285,0.017,19.447,0.075,,,43,TRUE,TRUE,LDT,,11.4,DZ,1,TRUE,5/30/24,,,,DZ,TRUE,,,,,,,,,-0.013509791,-8.74,4,8006,7876,8136,0.742,0.694,0.788,8.26,8.207,8.31,0.01057,0.01006,0.01111,13.337,13.238,13.432,13.208,13.079,13.339,-3.383,-3.436,-3.332,145.85,139.62,152.67,1.73E+09,1.53E+09,1.97E+09
138,WDJ153746.70+301728.17,DZ,,LDT,,,DZ,DZ,1,1,north,massive,0.01,0,0.06,0,0,0.98,9751,8.094,0.637,322,0.049,0.044,Gaia EDR3 1273181108588232832,234.4445864,0.085916206,30.29111748,0.11475312,6.10515086,0.15475135,39.45136,0.994661,2.011778089,0.11640233,-8.733251063,0.17284842,0.94978744,18.624117,0.003145,18.690327,0.01703,18.670227,0.030067,12.5525989,0.02009964,48.01026536,53.59064278,0.05,0.050000001,0.050000001,11699.4,809.1864,8.483752,0.1249801,0.9114686,0.07996099,14.12622,11149.04,714.5763,8.353604,0.1352975,0.8077693,0.08935094,21.09046,10857.79,745.4364,8.296944,0.1628482,0.7698242,0.1069226,20.96636,J153746.69+301728.0,18.891,0.019,18.604,0.008,18.69,0.009,18.826,0.012,19.096,0.042,,,49,TRUE,TRUE,LDT,,19.9,DZ,1,TRUE,5/9/24,6/5/24,,both good keep 6/5/24,DZ,TRUE,,,,,,,,,-0.010095129,-8.09,5,9348,9228,9468,0.652,0.623,0.681,8.118,8.085,8.151,0.01166,0.01131,0.01202,12.532,12.477,12.587,12.321,12.235,12.409,-3.028,-3.064,-2.994,163.8,159.75,168.06,9.24E+08,8.72E+08,9.78E+08
146,WDJ161444.18+133414.68,DZ,,SDSS,UNK,,DZ,DZ,1,1,north,massive,0.03,0,0.12,0,0,0.96,8077,8.157,0.674,298,0.062,0.056,Gaia EDR3 4463477799536188160,243.6839766,0.15828948,13.5705455,0.14235133,7.102394953,0.21929726,32.387066,0.992601,-26.42719322,0.20472698,-45.00701878,0.196097,1.0128814,18.934422,0.003535,19.0411,0.030405,18.783817,0.036518,13.19144563,0.25728226,27.53645399,40.80608689,0.06,0.059999999,0.059999999,9237.466,761.4931,8.441848,0.2038575,0.8802331,0.1314514,0.8226108,8965.376,716.4693,8.362248,0.2004929,0.8109384,0.1324404,1.18973,8576.689,675.9758,8.226629,0.2180457,0.7202154,0.1418448,1.237222,J161444.17+133414.5,19.41,0.028,19.013,0.009,18.944,0.01,19.054,0.013,19.252,0.047,1,DZ,144,TRUE,TRUE,SDSS,,11.6,DZ,1,,,,,,,,TRUE,spec-102623-60086-27021598739033683.fits,UNK,,,,TRUE,not in MWDD,-0.012011677,-8.9,6,8280,8135,8426,0.744,0.707,0.781,8.263,8.223,8.304,0.01054,0.01013,0.01097,13.27,13.202,13.336,13.066,12.954,13.183,-3.326,-3.373,-3.281,140.8,136.58,145.28,1.55E+09,1.43E+09,1.73E+09
147,WDJ162458.18+540429.97,DZ,,LDT,DZ,,,DZ,1,1,north,massive,0,0.03,0.41,0,0.01,0.96,10271,8.153,0.675,296,0.037,0.033,Gaia EDR3 1428369955006868352,246.2426372,0.08488882,54.07468269,0.08502132,8.306816018,0.093609124,88.73938,0.994781,27.89893313,0.11214487,-69.45142309,0.11606346,1.0588995,17.910398,0.003594,17.946714,0.014109,17.923893,0.02103,12.50757144,0.022821426,82.92599403,42.89909751,0.03,0.029999999,0.029999999,11818.68,636.1214,8.482146,0.08482235,0.9106102,0.05450459,6.414267,11386.56,579.131,8.370527,0.09311391,0.8192938,0.06166073,12.87397,11102.7,634.1702,8.321148,0.1165482,0.7861694,0.07696337,12.74481,J162458.19+540429.6,17.957,0.013,17.804,0.006,17.957,0.007,18.145,0.009,18.321,0.023,,,54,TRUE,TRUE,LDT,,20.3,DZ,1,TRUE,6/5/24,,,,DZ,TRUE,TRUE,spec-101110-60109-27021597905421752.fits,DZ,0.72,,,,,0.005184086,-8.07,6,10423,10299,10547,0.752,0.736,0.768,8.27,8.252,8.289,0.01051,0.01033,0.0107,12.401,12.377,12.426,12.073,12.01,12.139,-2.929,-2.955,-2.904,120.38,119.04,121.76,8.72E+08,8.37E+08,9.08E+08
161,WDJ185045.15-025939.58,DZ:,,LDT,,,,DZ,1,1,north,massive,0.2,0,0.06,0,0,0.53,7310,8.217,0.712,313,0.068,0.063,Gaia EDR3 4258774946629110784,282.6877814,0.1977135,-2.99479243,0.19970311,8.966614838,0.23033233,38.92903,0.994053,-73.7607514,0.2512012,-103.8682083,0.24181043,1.0521686,18.810074,0.003896,18.93323,0.033154,18.639633,0.030598,13.57321643,0.29359627,30.18795623,-1.212444706,0.05,0.050000001,0.059999999,8952.991,666.0493,8.604438,0.1678457,0.9843083,0.1030996,1.207426,8705.542,619.0919,8.537198,0.166482,0.9267277,0.1071017,1.518305,8348.491,578.2119,8.418211,0.1741276,0.847713,0.1151824,1.571857,,,,,,,,,,,,,,138,TRUE,TRUE,LDT,,14.4,DZ,1,TRUE,9/9/23,5/10/24,,only keep 5/10/24,DZ,TRUE,,,,,,,,,-0.011815257,-8.68,3,6914,6806,7021,0.659,0.627,0.691,8.136,8.101,8.172,0.01149,0.01111,0.01187,13.693,13.637,13.748,13.663,13.567,13.764,-3.565,-3.606,-3.527,111.52,108.73,114.47,2.06E+09,1.89E+09,2.28E+09
165,WDJ192632.10+560039.45,DZ,,LDT,,,,DZ,1,1,north,massive,0,0,0.49,0,0,0.91,9641,7.994,0.576,445,0.068,0.058,Gaia EDR3 2141698911171045248,291.6336076,0.13848391,56.01070639,0.1503432,5.359443707,0.1444685,37.09766,0.995514,-15.86822702,0.17082936,-56.94498678,0.18392466,1.000956,18.799294,0.003601,18.839289,0.032536,18.816233,0.038216,12.44489209,0.02305603,87.51011326,17.58865931,0.05,0.050000001,0.050000001,12198.61,1340.213,8.473772,0.1675578,0.9057556,0.1066863,1.539453,11846.27,1243.438,8.378081,0.1927477,0.8248258,0.1262579,3.193709,11616.22,1440.797,8.344948,0.2429626,0.8025874,0.1581772,3.165623,,,,,,,,,,,,,,82,TRUE,TRUE,LDT,,15.2,DZ,1,TRUE,6/5/24,,,,DZ,TRUE,,,,,,,,,-0.010583591,-8.18,5,9690,9546,9833,0.653,0.623,0.683,8.12,8.085,8.154,0.01165,0.01129,0.01203,12.432,12.373,12.49,12.166,12.073,12.262,-2.966,-3.005,-2.929,186.59,181.69,191.76,8.44E+08,7.93E+08,8.98E+08
170,WDJ195707.90+334441.41,DZ:,,LDT,,,,DZ?,1,1,north,very_massive,0.25,0,0.05,0,0.01,0.46,10241,8.487,0.895,882,0.125,0.105,Gaia EDR3 2034461240018876672,299.2830652,0.23274407,33.74500102,0.26156512,4.598539775,0.31076264,14.797595,0.998199,27.15027373,0.29164657,36.9387819,0.31106472,0.9832437,19.744896,0.004464,19.749985,0.025319,19.868462,0.04931,13.05799567,-0.11847687,69.95761292,2.525350281,0.09,0.079999998,0.109999999,15689.83,2494.423,8.995981,0.1859499,1.197653,0.0783423,2.431484,14062.68,1989.521,8.910213,0.2297771,1.146287,0.1105168,4.803479,13946.28,1961.776,8.908015,0.2317282,1.145169,0.1116915,4.793397,,,,,,,,,,,,,,78,TRUE,TRUE,LDT,very small features,7.6,DZ?,1,TRUE,9/4/24,,,,,,,,,,,,,,-0.012330481,-9.14,4,9160,8933,9386,0.789,0.718,0.856,8.329,8.25,8.402,0.01007,0.00935,0.01087,13.152,13,13.294,12.728,12.535,12.928,-3.191,-3.271,-3.114,217.46,203.69,233.22,1.31E+09,1.15E+09,1.60E+09
171,WDJ195730.00+344812.86,DZ:,,LDT,,,,DZ,1,1,north,massive,0.24,0,0.12,0,0,0.55,8430,8.529,0.921,423,0.071,0.06,Gaia EDR3 2059350231894964864,299.3751324,0.15625313,34.80351302,0.21127698,7.484184845,0.22066733,33.91614,0.995885,21.54677943,0.2078346,-14.34873072,0.2810792,0.95810413,19.249062,0.004898,19.39677,0.024023,19.174833,0.047245,13.61978411,0.22193718,70.90270907,3.010238756,0.06,0.059999999,0.059999999,9020.071,758.319,8.640358,0.1878751,1.006488,0.1127054,10.00967,8657.853,655.7135,8.550436,0.1803983,0.9352824,0.1152986,10.92349,8301.728,612.5254,8.432021,0.1882753,0.856892,0.1241144,11.07438,,,,,,,,,,,,,,79,TRUE,TRUE,LDT,magnetic? Triple structure,9.8,DZ,1,TRUE,10/12/23,,,mask,DZ,TRUE,,,,,,,,,0.012607566,-8,3,7978,7777,8179,0.874,0.839,0.907,8.457,8.419,8.496,0.00914,0.00878,0.0095,13.631,13.566,13.694,13.538,13.403,13.681,-3.515,-3.573,-3.461,133.62,129.79,137.67,2.65E+09,2.43E+09,2.87E+09
173,WDJ195938.61-020829.97,DZ,,LDT,,,,DZ,1,1,north,massive,0.26,0,0.07,0,0,0.96,6435,8.361,0.807,163,0.041,0.037,Gaia EDR3 4234191726357053184,299.9106876,0.16640176,-2.14148023,0.12947088,13.15891633,0.20045055,65.6467,0.999813,-42.02544879,0.20307152,40.59914832,0.15514265,1.0846674,18.609877,0.003253,18.789013,0.019513,18.25758,0.029408,14.20597726,0.5314331,38.92852128,-16.13040462,0.02,0.02,0.02,6994.047,297.7943,8.498243,0.1078005,0.9138049,0.07017077,0.1082929,6861.611,305.2965,8.436923,0.1201472,0.8586742,0.08008423,0.121944,6670.132,293.9578,8.319421,0.121694,0.7793551,0.08145413,0.09781287,,,,,,,,,,,,,,136,TRUE,TRUE,LDT,magnetic? Triple structure,16.2,DZ,1,TRUE,9/4/24,,,,DZ,TRUE,,,,,,,,,-0.012169297,-9.11,2,6544,6490,6597,0.838,0.821,0.855,8.407,8.388,8.426,0.00949,0.00931,0.00967,14.395,14.361,14.428,14.317,14.263,14.373,-3.827,-3.849,-3.805,75.99,74.85,77.17,4.01E+09,3.90E+09,4.12E+09
185,WDJ210119.94+812246.73,DZ,,LDT,,,,DZ,1,1,north,massive,0.2,0,0.02,0,0,1,7746,8.144,0.665,259,0.053,0.048,Gaia EDR3 2298527992715042176,315.3342549,0.13376988,81.37976734,0.14523992,7.952251157,0.1492781,53.271385,0.993271,39.70969934,0.18359956,26.75828787,0.1860546,1.0389996,18.80522,0.003454,18.939024,0.027534,18.63487,0.028616,13.30767009,0.30415344,115.0776912,22.2846948,0.04,0.039999999,0.039999999,8786.021,573.0494,8.421655,0.1558518,0.8662621,0.101689,2.715373,8546.749,537.4138,8.349273,0.1564307,0.8017698,0.10398,3.199574,8184.291,496.1788,8.212092,0.1630089,0.7101251,0.1063503,3.307653,,,,,,,,,,,,,,90,TRUE,TRUE,LDT,magnetic? Triple structure,14,DZ,1,TRUE,9/4/24,11/2/24,,maybe coadd? Or remove low snr one,DZ,TRUE,,,,,,,,,-0.010255988,-8.85,4,7189,7073,7305,0.6,0.573,0.627,8.041,8.01,8.073,0.01222,0.01188,0.01257,13.393,13.352,13.433,13.359,13.268,13.454,-3.443,-3.481,-3.407,125.75,123.43,128.16,1.61E+09,1.52E+09,1.71E+09
193,WDJ213909.61-070244.82,DZ,,LDT,,,DC,DZ,1,1,north,massive,0.08,0,0.04,0,0,0.99,7173,8.325,0.784,189,0.047,0.043,Gaia EDR3 2667684108297081728,324.7903731,0.25570166,-7.046064006,0.19615299,9.83472296,0.27233398,36.11273,0.995412,72.94968516,0.26193923,-63.81422463,0.22862346,0.8987301,18.836535,0.003319,18.977007,0.024683,18.560972,0.02493,13.80034515,0.4160347,47.59794751,-40.25292782,0.02,0.02,0.02,7680.247,392.0106,8.452047,0.1399247,0.8844987,0.0914767,0.02312924,7534.258,373.8024,8.395895,0.1453558,0.8318904,0.09688672,0.02765866,7235.801,362.3237,8.275184,0.1493879,0.7505854,0.09906144,0.03947536,J213909.61-070244.9,19.66,0.035,18.978,0.01,18.847,0.011,18.876,0.015,18.977,0.051,,,97,TRUE,TRUE,LDT,magnetic? Triple structure,19.8,DZ,1,TRUE,9/4/24,,,mask,DZ,TRUE,,,,,,,,,-0.013089692,-9.8,6,6979,6882,7076,0.764,0.73,0.798,8.296,8.259,8.333,0.01029,0.00992,0.01067,13.942,13.881,14.001,13.861,13.764,13.962,-3.645,-3.685,-3.606,101.68,98.94,104.58,2.94E+09,2.70E+09,3.15E+09
205,WDJ223257.71+241303.62,DZ:,,SDSS,DZ,,DZ,DZ,1,1,north,massive,0.63,0,0.03,0,0,0.65,7877,8.171,0.683,234,0.048,0.043,Gaia EDR3 1877164080043186048,338.2406641,0.13019867,24.21744327,0.14387003,8.916427578,0.1785025,49.951275,0.992986,44.10868265,0.15655434,-52.50496283,0.16891861,1.0453058,18.527481,0.003346,18.66186,0.025358,18.37065,0.025976,13.27843551,0.29121017,86.7081472,-28.74515718,0.05,0.050000001,0.050000001,8986.303,540.6337,8.444231,0.1449638,0.8814165,0.09430539,3.942761,8727.376,507.4996,8.368402,0.1447045,0.8147911,0.09624755,4.717276,8354.457,472.2701,8.232806,0.1528942,0.7239763,0.1002462,4.851195,J223257.73+241303.1,18.966,0.025,18.612,0.008,18.582,0.01,18.614,0.014,18.704,0.05,,,71,TRUE,TRUE,SDSS,,18.8,DZ,1,TRUE,6/5/24,,,,DZ,TRUE,TRUE,spec-104599-60233-63050394912654929.fits,DZ,0.99,,,,,-0.010180331,-9.79,4,7727,7617,7836,0.637,0.61,0.664,8.099,8.068,8.13,0.01179,0.01145,0.01212,13.363,13.319,13.406,13.125,13.039,13.214,-3.35,-3.386,-3.316,112.15,109.95,114.44,1.46E+09,1.38E+09,1.54E+09
212,WDJ231546.83+052000.25,DZ,,SDSS,DZ,,DC,DZ?,1,1,north,massive,0.24,0,0.01,0,0,0.8,6840,8.375,0.817,326,0.077,0.069,Gaia EDR3 2663933742854664832,348.9455031,0.24462897,5.333077289,0.20840602,9.423175956,0.27047807,34.838966,0.999146,84.83811155,0.32685825,-72.91900018,0.21883681,1.0009763,19.15733,0.004213,19.312311,0.078634,18.90779,0.052644,14.02831606,0.40452194,83.89473425,-50.1463399,0.03,0.029999999,0.029999999,7932.516,972.1566,8.641018,0.2674386,1.005698,0.1575942,0.1410953,7773.581,920.1368,8.587482,0.2743034,0.9584629,0.1691717,0.1510028,7481.617,900.3092,8.479483,0.2739646,0.8877031,0.1763458,0.1591525,J231546.88+051959.6,20.016,0.038,19.369,0.011,19.165,0.012,19.13,0.017,19.151,0.051,1,DZ,96,TRUE,TRUE,SDSS,smoothed clearer DZ?,12.1,DZ?,1,,,,,,,,TRUE,spec-103828-60234-63050395069657968.fits,DZ,0.55,,,TRUE,not in MWDD,-0.012732768,-10.44,2,6513,6427,6599,0.718,0.682,0.754,8.228,8.189,8.266,0.01079,0.0104,0.0112,14.24,14.177,14.301,14.058,13.961,14.159,-3.723,-3.764,-3.684,106.12,103.16,109.26,3.17E+09,2.87E+09,3.45E+09
213,WDJ231747.18+370121.20,DZ,,LDT,,,,DZ,1,1,north,massive,0.23,0,0,0,0,0.99,7105,8.311,0.774,253,0.057,0.053,Gaia EDR3 1916455677818487168,349.4466789,0.1582249,37.02253241,0.16766012,8.725475561,0.22516768,38.751015,0.995453,18.19900605,0.22960645,-5.166930322,0.20849937,1.0088136,19.093277,0.003561,19.303123,0.041216,18.865868,0.031036,13.79722251,0.43725586,102.8968712,-22.17894589,0.07,0.07,0.07,8048.81,565.7258,8.520548,0.1699532,0.9299034,0.1085295,3.905988,7860.566,531.3143,8.458452,0.1744693,0.8740709,0.1148362,4.03652,7557.959,504.7731,8.338339,0.1765338,0.7932739,0.1173881,4.125637,,,,,,,,,,,,,,76,TRUE,TRUE,LDT,magnetic? Triple structure,13.3,DZ,1,TRUE,9/4/24,,,don√¢¬Ä¬ôt know,DZ,TRUE,,,,,,,,,-0.01151054,-8.56,3,6748,6644,6853,0.71,0.678,0.742,8.215,8.18,8.249,0.01089,0.01054,0.01126,13.912,13.855,13.967,13.884,13.788,13.984,-3.654,-3.694,-3.615,114.61,111.72,117.64,2.75E+09,2.47E+09,3.01E+09